,intercept,affinity_score,processing_score
without_flanks,-6.185912508465581,10.509826677443527,3.538129433173566
with_flanks,-6.36100196056382,10.535335602782537,3.8024391032192715
